razor	6.93	0	network_razor_0
rattle	18.74	0	network_rattle_0
house	7.12	29	network_house_29
lip	4.25	19	network_lip_19
have	11.11	32	network_have_32
surrender	20.46	0	network_surrender_0
heavy	15.81	15	network_heavy_15
go away, depart	10.49	26	network_go away, depart_26
brave	16.52	2	network_brave_2
disappear	10.491	16	network_disappear_16
cotton	6.24	7	network_cotton_7
throat	4.29	16	network_throat_16
smell (vb intrans)	15.21	17	network_smell (vb intrans)_17
high	12.31	34	network_high_34
headland, point	1.343	40	network_headland, point_40
regret, be sorry	16.34	9	network_regret, be sorry_9
thunder	1.56	3	network_thunder_3
defend	20.44	14	network_defend_14
peace	20.14	7	network_peace_7
threshing-floor	8.35	0	network_threshing-floor_0
joyful, glad, happy	16.23	0	network_joyful, glad, happy_0
sit	12.13	8	network_sit_8
blue	15.67	14	network_blue_14
headband, headdress	6.78	3	network_headband, headdress_3
cattle (bovine)	3.2	28	network_cattle (bovine)_28
roll	10.15	16	network_roll_16
listen	15.42	21	network_listen_21
destroy	11.27	10	network_destroy_10
rub, wipe	9.31	6	network_rub, wipe_6
twins	2.458	3	network_twins_3
barley	8.44	0	network_barley_0
thigh	4.351	16	network_thigh_16
thick (in dimension)	12.63	13	network_thick (in dimension)_13
grandmother	2.47	22	network_grandmother_22
ten	13.10	0	network_ten_0
fly (vb)	10.37	2	network_fly (vb)_2
bear	3.73	0	network_bear_0
fire	1.81	31	network_fire_31
light (noun)	1.61	36	network_light (noun)_36
nit (louse egg)	3.812	0	network_nit (louse egg)_0
rise	10.21	23	network_rise_23
live, living, life	4.74	17	network_live, living, life_17
no, negative	17.56	7	network_no, negative_7
pour	9.35	14	network_pour_14
head	4.2	41	network_head_41
quiet, silence	15.46	9	network_quiet, silence_9
fireplace	7.31	7	network_fireplace_7
dare	16.51	2	network_dare_2
beech	8.62	0	network_beech_0
chop, hew	9.222	17	network_chop, hew_17
calf of leg	4.352	8	network_calf of leg_8
hear	15.41	23	network_hear_23
beak	4.241	11	network_beak_11
beam	7.55	15	network_beam_15
bean	5.66	0	network_bean_0
pinch	15.712	17	network_pinch_17
sphere, ball	12.83	5	network_sphere, ball_5
you (singular)	2.92	2	network_you (singular)_2
meal, flour	5.55	15	network_meal, flour_15
always	14.31	3	network_always_3
straight	12.73	18	network_straight_18
dig	8.22	12	network_dig_12
field (for cultivation)	8.12	8	network_field (for cultivation)_8
admit, confess	18.33	31	network_admit, confess_31
scrape	5.48	7	network_scrape_7
physician	4.87	0	network_physician_0
body hair	4.144	22	network_body hair_22
king, ruler	19.32	9	network_king, ruler_9
side of head, temple	4.201	0	network_side of head, temple_0
ice	1.77	2	network_ice_2
tax, tribute	11.69	0	network_tax, tribute_0
pitcher, jug	5.34	11	network_pitcher, jug_11
ready	14.29	0	network_ready_0
last, endure	14.252	0	network_last, endure_0
rabbit	3.614	0	network_rabbit_0
lock (noun)	7.23	3	network_lock (noun)_3
swelling	4.853	5	network_swelling_5
limp	10.451	2	network_limp_2
love	16.27	7	network_love_7
conspiracy, plot	19.63	0	network_conspiracy, plot_0
spear	20.26	6	network_spear_6
cure, heal	4.86	11	network_cure, heal_11
stutter, stammer	18.211	0	network_stutter, stammer_0
fine	21.38	2	network_fine_2
find	11.32	37	network_find_37
mother-in-law (of a woman)	2.621	27	network_mother-in-law (of a woman)_27
earn	11.79	32	network_earn_32
cold	15.86	3	network_cold_3
glue	9.56	0	network_glue_0
one	13.1	14	network_one_14
village	19.16	33	network_village_33
father's brother	2.512	20	network_father's brother_20
bead	6.76	12	network_bead_12
send	10.63	26	network_send_26
tribe, clan	19.23	18	network_tribe, clan_18
stretch	9.32	9	network_stretch_9
vegetables	5.65	7	network_vegetables_7
command, order	19.45	12	network_command, order_12
anvil	9.62	0	network_anvil_0
carry-on-head	10.614	25	network_carry-on-head_25
men's house	7.16	0	network_men's house_0
think (= reflect)	17.13	26	network_think (= reflect)_26
cut	9.22	22	network_cut_22
end (temporal)	14.26	27	network_end (temporal)_27
whirlpool	1.362	0	network_whirlpool_0
threaten	18.44	0	network_threaten_0
feather	4.393	25	network_feather_25
hundred	13.105	0	network_hundred_0
parents	2.37	10	network_parents_10
board	7.57	18	network_board_18
married woman	2.39	21	network_married woman_21
wood	1.43	31	network_wood_31
weak	4.82	7	network_weak_7
rug	9.771	6	network_rug_6
inside, in	12.5	10	network_inside, in_10
extinguish	1.861	8	network_extinguish_8
hawk	3.585	3	network_hawk_3
run	10.46	14	network_run_14
itch	4.854	0	network_itch_0
trap (vb)	20.65	44	network_trap (vb)_44
firefly	3.91	0	network_firefly_0
lazy	4.92	5	network_lazy_5
oil	5.79	6	network_oil_6
cut down	9.221	12	network_cut down_12
earthquake	1.45	0	network_earthquake_0
knee	4.36	2	network_knee_2
nose	4.23	7	network_nose_7
yoke	10.78	0	network_yoke_0
sink	10.33	4	network_sink_4
supper	5.45	8	network_supper_8
cold (catarrh)	4.843	3	network_cold (catarrh)_3
strong, mighty, powerful	4.81	12	network_strong, mighty, powerful_12
wrong	16.74	11	network_wrong_11
drip	10.24	12	network_drip_12
tooth	4.27	7	network_tooth_7
come back	10.481	21	network_come back_21
relatives, kinsmen	2.81	18	network_relatives, kinsmen_18
save, rescue	11.25	14	network_save, rescue_14
cow	3.23	33	network_cow_33
six	13.6	0	network_six_0
shine	15.56	21	network_shine_21
Saturday	14.68	0	network_Saturday_0
horn, trumpet	18.73	4	network_horn, trumpet_4
wind, wrap	10.14	25	network_wind, wrap_25
tall	12.58	21	network_tall_21
fermented drink	5.94	8	network_fermented drink_8
green	15.68	16	network_green_16
afternoon	14.451	8	network_afternoon_8
zero, nothing	13.0	5	network_zero, nothing_5
yawn, gape	4.52	0	network_yawn, gape_0
two times	13.38	0	network_two times_0
pig	3.35	26	network_pig_26
fowl	3.5	10	network_fowl_10
spring	14.75	0	network_spring_0
handkerchief, rag	6.81	8	network_handkerchief, rag_8
fence	8.16	5	network_fence_5
comb	6.91	2	network_comb_2
bathe	4.69	6	network_bathe_6
tattoo	6.79	0	network_tattoo_0
rib	4.162	0	network_rib_0
hair (head)	4.14	32	network_hair (head)_32
kidney	4.451	0	network_kidney_0
sausage	5.63	0	network_sausage_0
girl	2.26	32	network_girl_32
potter	9.71	0	network_potter_0
stone, rock	1.44	12	network_stone, rock_12
twist	10.17	27	network_twist_27
pen	18.57	18	network_pen_18
money	11.43	10	network_money_10
sun	1.52	23	network_sun_23
corpse	4.77	14	network_corpse_14
earth, land	1.21	38	network_earth, land_38
shirt	6.44	8	network_shirt_8
shell	3.655	13	network_shell_13
forked branch	8.74	8	network_forked branch_8
again	14.35	7	network_again_7
fishing line	20.53	7	network_fishing line_7
difficult	17.47	14	network_difficult_14
ornament, adornment	6.71	0	network_ornament, adornment_0
divide	12.232	13	network_divide_13
suspect	17.44	15	network_suspect_15
anxiety, worry	16.33	7	network_anxiety, worry_7
breast (of woman)	4.41	5	network_breast (of woman)_5
tree trunk	8.73	30	network_tree trunk_30
jewel	6.72	0	network_jewel_0
hunt	20.61	9	network_hunt_9
shallow	12.68	14	network_shallow_14
north	12.47	2	network_north_2
goiter	4.842	0	network_goiter_0
stir, mix	5.49	9	network_stir, mix_9
people (populace)	19.21	34	network_people (populace)_34
lamp, torch	7.45	24	network_lamp, torch_24
lightning (as striking)	1.57	3	network_lightning (as striking)_3
sail (vb)	10.36	9	network_sail (vb)_9
give back	11.22	14	network_give back_14
trough	7.48	5	network_trough_5
reef	1.342	12	network_reef_12
hut	7.13	12	network_hut_12
spoon	5.37	0	network_spoon_0
woman's dress	6.42	9	network_woman's dress_9
smooth	15.77	18	network_smooth_18
cultivate, till	8.15	21	network_cultivate, till_21
morning	14.44	18	network_morning_18
carry (bear)	10.61	44	network_carry (bear)_44
lie, tell lies	16.67	5	network_lie, tell lies_5
fur	6.28	24	network_fur_24
mother-in-law (of a man)	2.62	31	network_mother-in-law (of a man)_31
shoulder	4.3	29	network_shoulder_29
school	17.28	0	network_school_0
anchor	10.89	0	network_anchor_0
heel	4.372	15	network_heel_15
widow	2.76	2	network_widow_2
stranger	19.55	2	network_stranger_2
seagull	3.582	0	network_seagull_0
sniff	15.212	15	network_sniff_15
grain (barley, oats etc)	8.42	8	network_grain (barley, oats etc)_8
mosquito	3.832	2	network_mosquito_2
learn	17.24	30	network_learn_30
language	18.24	17	network_language_17
centipede	3.814	0	network_centipede_0
bruise	4.852	7	network_bruise_7
rest	4.912	0	network_rest_0
feel	15.72	29	network_feel_29
wasp	3.823	6	network_wasp_6
dust	1.213	28	network_dust_28
Wednesday	14.65	0	network_Wednesday_0
forget	17.32	10	network_forget_10
flay, skin	9.29	15	network_flay, skin_15
danger	16.54	5	network_danger_5
shovel	8.24	8	network_shovel_8
mumble	18.16	2	network_mumble_2
bury (the dead)	4.78	14	network_bury (the dead)_14
cloud	1.73	19	network_cloud_19
before	12.4	11	network_before_11
deny	18.34	7	network_deny_7
spindle	6.32	0	network_spindle_0
store, shop	11.86	2	network_store, shop_2
duck	3.57	0	network_duck_0
wash	9.36	5	network_wash_5
where?	17.66	6	network_where?_6
weather	1.78	27	network_weather_27
adze	9.251	3	network_adze_3
pick up	12.212	53	network_pick up_53
top	12.33	52	network_top_52
firewood	1.88	31	network_firewood_31
grape	5.76	5	network_grape_5
silent (be)	18.23	7	network_silent (be)_7
bring	10.62	39	network_bring_39
right (side)	12.41	15	network_right (side)_15
mold (clay etc)	9.72	21	network_mold (clay etc)_21
calf	3.24	33	network_calf_33
toe	4.38	8	network_toe_8
dear (costly, expensive)	11.88	0	network_dear (costly, expensive)_0
black	15.65	8	network_black_8
light (in color)	15.62	24	network_light (in color)_24
born (to be)	4.72	14	network_born (to be)_14
harbor, port	10.91	0	network_harbor, port_0
person, human being	2.1	35	network_person, human being_35
tail	4.18	0	network_tail_0
snore	4.612	0	network_snore_0
greedy	16.83	2	network_greedy_2
hand	4.33	13	network_hand_13
climb	10.472	21	network_climb_21
price	11.87	5	network_price_5
gulf, bay	1.34	7	network_gulf, bay_7
slave	19.42	4	network_slave_4
obey	19.46	24	network_obey_24
snail	3.94	7	network_snail_7
female (adj)	3.13	32	network_female (adj)_32
collar	6.45	13	network_collar_13
deceit	16.68	8	network_deceit_8
teach	17.25	26	network_teach_26
cough	4.53	0	network_cough_0
eight	13.8	0	network_eight_0
birch	8.63	0	network_birch_0
blame	16.78	12	network_blame_12
broken	9.261	10	network_broken_10
spring, well	1.37	13	network_spring, well_13
citizen, subject	19.37	16	network_citizen, subject_16
flame (noun)	1.82	15	network_flame (noun)_15
bow	20.24	5	network_bow_5
trap (noun)	20.64	24	network_trap (noun)_24
age	14.12	14	network_age_14
proud	16.48	2	network_proud_2
drum	18.72	0	network_drum_0
Friday	14.67	0	network_Friday_0
pity	16.35	9	network_pity_9
yard, court	7.15	8	network_yard, court_8
thing	11.18	17	network_thing_17
strike (hit, beat)	9.21	14	network_strike (hit, beat)_14
or	17.54	0	network_or_0
howl	18.19	8	network_howl_8
ox	3.22	31	network_ox_31
clothing, clothes	6.12	17	network_clothing, clothes_17
father-in-law (of a woman)	2.611	34	network_father-in-law (of a woman)_34
trousers	6.48	0	network_trousers_0
armpit	4.312	0	network_armpit_0
charcoal	1.89	2	network_charcoal_2
intoxicated	4.98	0	network_intoxicated_0
dye	6.39	5	network_dye_5
old man	2.461	14	network_old man_14
lowtide	1.353	0	network_lowtide_0
deep	12.67	18	network_deep_18
horn	4.17	4	network_horn_4
hightide	1.354	2	network_hightide_2
crocodile, alligator	3.97	0	network_crocodile, alligator_0
nut	5.77	8	network_nut_8
cheek	4.208	6	network_cheek_6
immediately	14.19	8	network_immediately_8
canoe	10.831	5	network_canoe_5
idea, notion	17.19	16	network_idea, notion_16
dark (in color)	15.63	8	network_dark (in color)_8
square	12.78	0	network_square_0
saw	9.48	0	network_saw_0
vomit	4.57	0	network_vomit_0
rape	21.44	0	network_rape_0
left (side)	12.42	0	network_left (side)_0
pasture	3.16	14	network_pasture_14
sap	8.76	6	network_sap_6
chin	4.209	5	network_chin_5
time	14.11	27	network_time_27
branch	8.55	10	network_branch_10
honey	5.84	7	network_honey_7
say	18.22	27	network_say_27
whisper	18.15	2	network_whisper_2
bowl	5.33	11	network_bowl_11
cross	12.77	0	network_cross_0
fragrant, good smelling	15.25	14	network_fragrant, good smelling_14
fall	10.23	13	network_fall_13
crooked	12.74	13	network_crooked_13
knead	5.54	6	network_knead_6
leaf	8.56	17	network_leaf_17
floor	7.26	40	network_floor_40
earring	6.77	0	network_earring_0
thief	21.52	2	network_thief_2
testicle	4.49	12	network_testicle_12
male	2.23	46	network_male_46
right, correct	16.73	17	network_right, correct_17
large, big	12.55	22	network_large, big_22
oar	10.85	6	network_oar_6
ask (question, inquire)	18.31	10	network_ask (question, inquire)_10
die, dead	4.75	7	network_die, dead_7
call (=name)	18.42	9	network_call (=name)_9
vulture	3.586	3	network_vulture_3
male (adj)	3.12	42	network_male (adj)_42
borrow	11.62	43	network_borrow_43
garden	8.13	5	network_garden_5
armor (defensive)	20.31	0	network_armor (defensive)_0
fork	8.26	4	network_fork_4
rafter	7.54	10	network_rafter_10
clever	16.84	2	network_clever_2
flee	10.51	7	network_flee_7
eat	5.11	14	network_eat_14
chimney	7.33	4	network_chimney_4
flea	3.813	2	network_flea_2
hole	12.85	11	network_hole_11
ear	4.22	2	network_ear_2
uncle	2.51	35	network_uncle_35
day-before-yesterday	14.491	2	network_day-before-yesterday_2
child	2.27	43	network_child_43
pocket	6.61	0	network_pocket_0
snow (noun)	1.76	2	network_snow (noun)_2
old woman	2.471	15	network_old woman_15
cat	3.62	0	network_cat_0
need, necessity	17.45	5	network_need, necessity_5
button	6.62	6	network_button_6
easy	17.46	4	network_easy_4
towel	6.82	5	network_towel_5
hour	14.51	13	network_hour_13
pay (vb)	11.65	25	network_pay (vb)_25
which?	17.67	6	network_which?_6
prison, jail	21.39	4	network_prison, jail_4
bat	3.591	0	network_bat_0
buttocks	4.464	24	network_buttocks_24
help, aid	19.58	9	network_help, aid_9
word	18.26	17	network_word_17
fortress	20.35	2	network_fortress_2
rope, cord	9.19	7	network_rope, cord_7
tower	20.36	2	network_tower_2
nine	13.9	0	network_nine_0
ugly	16.82	10	network_ugly_10
plant (vb)	8.531	30	network_plant (vb)_30
hollow out	9.461	23	network_hollow out_23
cheap	11.89	4	network_cheap_4
soon	14.331	10	network_soon_10
owe	11.63	4	network_owe_4
older sister	2.454	24	network_older sister_24
float	10.34	15	network_float_15
outrigger	10.832	0	network_outrigger_0
seek, look for	11.31	5	network_seek, look for_5
scar	4.858	7	network_scar_7
tired, weary	4.91	5	network_tired, weary_5
owl	3.596	0	network_owl_0
molartooth	4.272	6	network_molartooth_6
envy, jealousy	16.44	0	network_envy, jealousy_0
tomorrow	14.48	8	network_tomorrow_8
mucus (nasal)	4.232	3	network_mucus (nasal)_3
untie	9.161	14	network_untie_14
boar	3.32	36	network_boar_36
nephew	2.53	53	network_nephew_53
wages	11.78	12	network_wages_12
braid	6.921	15	network_braid_15
sleep	4.61	3	network_sleep_3
brush	6.92	2	network_brush_2
drowned	4.751	4	network_drowned_4
captive, prisoner	20.47	4	network_captive, prisoner_4
mother's brother	2.511	35	network_mother's brother_35
cloak	6.41	12	network_cloak_12
trade, barter	11.83	15	network_trade, barter_15
tell story	18.221	28	network_tell story_28
fan (noun)	9.79	3	network_fan (noun)_3
keep, retain	11.17	44	network_keep, retain_44
skin, hide	4.12	18	network_skin, hide_18
famine	5.141	2	network_famine_2
preserve, look after	11.24	23	network_preserve, look after_23
raft	10.84	5	network_raft_5
east	12.45	0	network_east_0
medicine, drug	4.88	7	network_medicine, drug_7
fish trap	20.55	10	network_fish trap_10
yam	8.912	3	network_yam_3
beer	5.93	5	network_beer_5
sandfly (midge), gnat	3.831	2	network_sandfly (midge), gnat_2
garden-house	7.131	12	network_garden-house_12
forgive	16.69	17	network_forgive_17
soap	6.95	0	network_soap_0
I	2.91	0	network_I_0
parrot	3.592	0	network_parrot_0
nest	3.58	7	network_nest_7
never	14.34	3	network_never_3
crouch	10.413	6	network_crouch_6
mat	9.77	4	network_mat_4
separate	12.23	13	network_separate_13
poor	11.52	3	network_poor_3
finish	14.27	23	network_finish_23
judgment	21.17	6	network_judgment_6
change	12.93	9	network_change_9
pus	4.857	7	network_pus_7
put	12.12	40	network_put_40
row (vb)	10.852	7	network_row (vb)_7
stocking, sock	6.49	3	network_stocking, sock_3
let, permit	19.47	30	network_let, permit_30
acorn	8.66	0	network_acorn_0
nostril	4.231	10	network_nostril_10
insect	3.81	12	network_insect_12
hasten, hurry	14.23	7	network_hasten, hurry_7
surprised, astonished	16.15	5	network_surprised, astonished_5
own, possess	11.12	32	network_own, possess_32
island	1.25	0	network_island_0
study	17.242	23	network_study_23
mainland	1.26	24	network_mainland_24
thread	6.38	7	network_thread_7
stand	12.15	15	network_stand_15
butter	5.89	5	network_butter_5
lead (vb)	10.64	27	network_lead (vb)_27
earlobe	4.221	2	network_earlobe_2
dream	4.62	3	network_dream_3
south	12.48	2	network_south_2
wrinkled	15.89	0	network_wrinkled_0
light (in weight)	15.82	4	network_light (in weight)_4
place	12.11	35	network_place_35
pupil	17.26	22	network_pupil_22
door, gate	7.22	5	network_door, gate_5
citrus fruit	8.83	0	network_citrus fruit_0
ambush	20.49	0	network_ambush_0
bite	4.58	10	network_bite_10
vine	8.67	7	network_vine_7
Thursday	14.66	0	network_Thursday_0
man (vs. woman)	2.21	46	network_man (vs. woman)_46
imitate	17.172	20	network_imitate_20
grasshopper	3.93	0	network_grasshopper_0
old	14.15	7	network_old_7
often	14.32	13	network_often_13
seem	17.18	2	network_seem_2
debt	11.64	9	network_debt_9
father-in-law (of a man)	2.61	35	network_father-in-law (of a man)_35
chew	5.18	6	network_chew_6
coconut	8.82	0	network_coconut_0
because	17.52	13	network_because_13
host	19.57	6	network_host_6
saucer	5.36	11	network_saucer_11
camel	3.78	0	network_camel_0
first	13.34	11	network_first_11
bark	8.75	18	network_bark_18
poncho	6.411	10	network_poncho_10
embrace	16.3	6	network_embrace_6
goose	3.56	0	network_goose_0
sweet	15.35	11	network_sweet_11
fox	3.74	0	network_fox_0
ewe	3.28	31	network_ewe_31
war, battle	20.13	17	network_war, battle_17
cave	1.28	7	network_cave_7
judge (vb)	21.16	7	network_judge (vb)_7
rebuke, scold	18.39	0	network_rebuke, scold_0
knife	5.38	4	network_knife_4
approach	10.56	11	network_approach_11
battle-ax	20.222	3	network_battle-ax_3
weapons, arms	20.21	2	network_weapons, arms_2
boil (vb)	5.22	11	network_boil (vb)_11
shade, shadow	1.63	9	network_shade, shadow_9
pumpkin, squash	8.931	10	network_pumpkin, squash_10
chest	4.4	5	network_chest_5
shout, cry out	18.13	11	network_shout, cry out_11
mute	4.96	0	network_mute_0
club	20.22	22	network_club_22
tool	9.422	3	network_tool_3
louse	3.811	2	network_louse_2
stomach	4.46	11	network_stomach_11
calm (of sea)	1.322	7	network_calm (of sea)_7
flat	12.71	18	network_flat_18
kill	4.76	11	network_kill_11
married man	2.38	33	network_married man_33
furrow	8.212	10	network_furrow_10
press	9.342	15	network_press_15
lizard	3.96	0	network_lizard_0
build	9.44	26	network_build_26
five	13.5	0	network_five_0
noon, midday	14.45	9	network_noon, midday_9
bull	3.21	40	network_bull_40
break	9.26	14	network_break_14
whistle	18.17	0	network_whistle_0
brick	7.62	2	network_brick_2
every, all	13.14	3	network_every, all_3
bed	7.42	5	network_bed_5
milk (vb)	5.87	17	network_milk (vb)_17
servant	19.43	4	network_servant_4
sickle, scythe	8.33	0	network_sickle, scythe_0
ride	10.66	34	network_ride_34
tapioca, manioc, cassava	8.92	0	network_tapioca, manioc, cassava_0
room	7.21	12	network_room_12
sword	20.27	5	network_sword_5
vein, artery	4.151	0	network_vein, artery_0
mother's sister	2.521	28	network_mother's sister_28
offspring (son or daughter)	2.43	48	network_offspring (son or daughter)_48
root	8.54	6	network_root_6
side	12.36	21	network_side_21
perspire	4.55	0	network_perspire_0
stepfather	2.71	21	network_stepfather_21
remember	17.31	32	network_remember_32
hard	15.74	13	network_hard_13
look, look at	15.52	26	network_look, look at_26
fog	1.74	18	network_fog_18
ashes	1.84	22	network_ashes_22
walk	10.45	22	network_walk_22
wall	7.27	4	network_wall_4
good fortune, luck	16.18	0	network_good fortune, luck_0
bait	20.56	9	network_bait_9
livestock	3.15	20	network_livestock_20
gold	9.64	0	network_gold_0
udder	4.42	5	network_udder_5
boy	2.25	42	network_boy_42
netbag	9.78	4	network_netbag_4
go	10.47	32	network_go_32
fishscale	3.653	13	network_fishscale_13
begin, beginning	14.25	8	network_begin, beginning_8
fishnet	20.54	5	network_fishnet_5
laugh	16.25	2	network_laugh_2
spider web	3.819	0	network_spider web_0
lie down	12.14	3	network_lie down_3
Sunday	14.62	23	network_Sunday_23
father	2.35	19	network_father_19
young	14.14	38	network_young_38
have sexual intercourse	4.67	35	network_have sexual intercourse_35
potato	5.7	3	network_potato_3
west	12.46	0	network_west_0
pubic hair	4.145	22	network_pubic hair_22
beverage, drink	5.9	8	network_beverage, drink_8
monkey	3.76	0	network_monkey_0
much, many	13.15	15	network_much, many_15
road	10.71	5	network_road_5
plow	8.21	11	network_plow_11
slow	14.22	10	network_slow_10
join, unite	12.22	15	network_join, unite_15
ass, donkey	3.46	0	network_ass, donkey_0
today	14.47	7	network_today_7
smoke (noun)	1.83	21	network_smoke (noun)_21
bright	15.57	22	network_bright_22
white	15.64	14	network_white_14
hat, cap	6.55	3	network_hat, cap_3
herdsman	3.18	0	network_herdsman_0
under	12.7	21	network_under_21
plain, field	1.23	15	network_plain, field_15
palm tree	8.81	0	network_palm tree_0
window	7.25	4	network_window_4
weigh	11.92	20	network_weigh_20
green, unripe	5.124	28	network_green, unripe_28
carpenter	9.43	0	network_carpenter_0
now	14.18	8	network_now_8
paddle (noun)	10.851	10	network_paddle (noun)_10
heart	4.44	14	network_heart_14
burn (vb intrans)	1.852	7	network_burn (vb intrans)_7
foam	1.324	0	network_foam_0
jaw	4.207	6	network_jaw_6
peel	5.46	9	network_peel_9
week	14.61	8	network_week_8
iron	9.67	3	network_iron_3
yes, affirmative	17.55	0	network_yes, affirmative_0
speak, talk	18.21	24	network_speak, talk_24
footprint	4.374	9	network_footprint_9
copper, bronze	9.66	0	network_copper, bronze_0
carry-in-hand	10.612	32	network_carry-in-hand_32
coin	11.44	6	network_coin_6
understand	17.16	34	network_understand_34
murder	21.42	8	network_murder_8
choke	5.19	4	network_choke_4
cease, stop	14.28	17	network_cease, stop_17
put on (clothes)	6.11	30	network_put on (clothes)_30
navel	4.43	0	network_navel_0
we	2.94	3	network_we_3
explain	17.38	20	network_explain_20
heron	3.583	0	network_heron_0
knot (noun)	9.192	11	network_knot (noun)_11
sister	2.45	27	network_sister_27
loud	15.45	15	network_loud_15
bread	5.51	0	network_bread_0
basket	9.76	0	network_basket_0
brackish	15.39	7	network_brackish_7
harm, injure, damage	11.28	5	network_harm, injure, damage_5
lagoon	1.341	8	network_lagoon_8
seize, grasp	11.14	47	network_seize, grasp_47
nettle	8.97	0	network_nettle_0
swear	21.24	2	network_swear_2
deer	3.75	0	network_deer_0
breathe, breath	4.51	12	network_breathe, breath_12
horse (equine)	3.41	29	network_horse (equine)_29
taste	15.31	19	network_taste_19
line	12.84	7	network_line_7
collarbone	4.302	9	network_collarbone_9
eyelid	4.213	3	network_eyelid_3
beggar	11.53	3	network_beggar_3
beautiful	16.81	18	network_beautiful_18
bridge	10.74	2	network_bridge_2
fin (dorsal)	3.652	13	network_fin (dorsal)_13
skirt	6.46	7	network_skirt_7
arm	4.31	19	network_arm_19
if	17.53	6	network_if_6
pile up	12.213	12	network_pile up_12
drop (vb)	10.16	17	network_drop (vb)_17
ship	10.81	5	network_ship_5
brother	2.44	27	network_brother_27
year	14.73	8	network_year_8
younger brother	2.445	27	network_younger brother_27
fold	9.15	21	network_fold_21
boot	6.52	3	network_boot_3
pine	8.64	2	network_pine_2
convict (vb)	21.33	7	network_convict (vb)_7
like, similar	12.92	2	network_like, similar_2
river, stream, brook	1.36	6	network_river, stream, brook_6
market (place)	11.85	2	network_market (place)_2
faithful	16.65	13	network_faithful_13
butterfly	3.92	0	network_butterfly_0
empty	13.22	0	network_empty_0
span, fathom	12.541	0	network_span, fathom_0
cause	17.42	25	network_cause_25
red	15.66	6	network_red_6
womb	4.47	6	network_womb_6
answer	18.32	25	network_answer_25
spleen	4.452	0	network_spleen_0
cry, weep	16.37	6	network_cry, weep_6
finger	4.34	10	network_finger_10
animal	3.11	20	network_animal_20
up, above	12.8	31	network_up, above_31
forehead	4.205	5	network_forehead_5
rotten	5.125	7	network_rotten_7
book	18.61	5	network_book_5
he/she/it	2.93	2	network_he_she_it_2
shelf	7.47	10	network_shelf_10
thousand	13.106	0	network_thousand_0
city, town	19.15	26	network_city, town_26
spit	4.56	0	network_spit_0
wool	6.22	29	network_wool_29
speech (make a)	18.222	19	network_speech (make a)_19
tie, bind	9.16	16	network_tie, bind_16
evening	14.46	10	network_evening_10
spin	6.31	23	network_spin_23
silver	9.65	6	network_silver_6
retreat	20.45	7	network_retreat_7
dew	1.64	0	network_dew_0
olive	5.78	0	network_olive_0
marriage, wedding	2.34	19	network_marriage, wedding_19
roast, fry	5.23	13	network_roast, fry_13
believe	17.15	25	network_believe_25
liver	4.45	0	network_liver_0
axle	10.77	0	network_axle_0
lick	4.59	11	network_lick_11
thatch	7.52	22	network_thatch_22
cloth	6.21	9	network_cloth_9
deaf	4.95	0	network_deaf_0
warm	15.851	3	network_warm_3
bracelet	6.74	0	network_bracelet_0
worm	3.84	7	network_worm_7
eyebrow	4.212	3	network_eyebrow_3
air	1.71	20	network_air_20
daughter-in-law (of a man)	2.64	42	network_daughter-in-law (of a man)_42
miss (target)	20.63	7	network_miss (target)_7
earwax	4.222	0	network_earwax_0
work	9.12	20	network_work_20
stable, stall	3.19	0	network_stable, stall_0
meat	5.61	22	network_meat_22
wound, sore	4.85	7	network_wound, sore_7
spade	8.23	11	network_spade_11
we (exclusive)	2.942	3	network_we (exclusive)_3
candle	7.46	14	network_candle_14
obscure	17.35	7	network_obscure_7
dirty, soiled	15.88	9	network_dirty, soiled_9
misfortune, bad luck	16.19	0	network_misfortune, bad luck_0
mead	5.91	6	network_mead_6
praise	16.79	0	network_praise_0
lose	11.33	16	network_lose_16
one's native country	19.12	25	network_one's native country_25
sail (noun)	10.88	0	network_sail (noun)_0
buy	11.81	48	network_buy_48
suck	5.16	10	network_suck_10
pointed	12.352	32	network_pointed_32
queen	19.33	6	network_queen_6
weave, plait	9.75	26	network_weave, plait_26
stepmother	2.72	20	network_stepmother_20
release, let go	11.34	24	network_release, let go_24
burn (vb trans)	1.851	10	network_burn (vb trans)_10
open	12.24	9	network_open_9
meal (a)	5.41	12	network_meal (a)_12
bunch	5.712	0	network_bunch_0
carry-underarm	10.615	25	network_carry-underarm_25
niece	2.54	43	network_niece_43
ditch	8.17	10	network_ditch_10
wet, damp	15.83	18	network_wet, damp_18
female	2.24	32	network_female_32
shake	10.26	11	network_shake_11
four	13.4	0	network_four_0
three	13.3	0	network_three_0
hiccough	4.521	0	network_hiccough_0
sugar	5.85	2	network_sugar_2
ointment	6.94	7	network_ointment_7
guest	19.56	2	network_guest_2
Monday	14.63	0	network_Monday_0
army	20.15	8	network_army_8
light, kindle, ignite	1.86	7	network_light, kindle, ignite_7
guess	17.171	19	network_guess_19
acquit	21.34	14	network_acquit_14
bitter	15.37	7	network_bitter_7
wheat	8.43	0	network_wheat_0
avaricious, stingy	11.54	2	network_avaricious, stingy_2
more	13.16	15	network_more_15
ankle	4.371	0	network_ankle_0
announce	18.43	21	network_announce_21
beeswax	3.821	8	network_beeswax_8
valley	1.24	11	network_valley_11
daughter-in-law (of a woman)	2.641	28	network_daughter-in-law (of a woman)_28
dwell, live	7.11	8	network_dwell, live_8
son-in-law (of a woman)	2.631	33	network_son-in-law (of a woman)_33
earth=ground, soil	1.212	43	network_earth=ground, soil_43
porpoise, dolphin	3.662	0	network_porpoise, dolphin_0
shiver	4.68	6	network_shiver_6
oak	8.61	0	network_oak_0
dive	10.351	4	network_dive_4
granddaughter	2.49	32	network_granddaughter_32
star	1.54	0	network_star_0
gill	3.654	0	network_gill_0
second	13.36	0	network_second_0
leg	4.35	11	network_leg_11
dove	3.594	0	network_dove_0
carve	9.81	12	network_carve_12
elbow	4.32	2	network_elbow_2
arch	7.58	4	network_arch_4
fisherman	20.51	0	network_fisherman_0
squeeze, wring	9.343	22	network_squeeze, wring_22
way, manner	17.49	5	network_way, manner_5
mouth	4.24	19	network_mouth_19
blood	4.15	0	network_blood_0
fever	4.841	3	network_fever_3
water	1.31	8	network_water_8
cock, rooster	3.52	6	network_cock, rooster_6
fruit	5.71	8	network_fruit_8
flow	10.32	24	network_flow_24
guard, sentinel	20.471	18	network_guard, sentinel_18
far (adv)	12.44	9	network_far (adv)_9
face	4.204	6	network_face_6
acid, sour	15.38	7	network_acid, sour_7
teacher	17.27	11	network_teacher_11
arson	21.46	7	network_arson_7
flesh	4.13	18	network_flesh_18
shriek, screech	18.18	8	network_shriek, screech_8
cup, drinking vessel	5.35	11	network_cup, drinking vessel_11
kid	3.38	16	network_kid_16
spine	4.191	11	network_spine_11
do, make	9.11	37	network_do, make_37
soldier	20.17	6	network_soldier_6
edge	12.353	31	network_edge_31
back	4.19	25	network_back_25
mow, reap	8.32	32	network_mow, reap_32
go up	10.471	21	network_go up_21
adobe	7.64	2	network_adobe_2
down, below	12.3	21	network_down, below_21
sew	6.35	20	network_sew_20
shark	3.661	0	network_shark_0
go down	10.473	10	network_go down_10
veil	6.59	0	network_veil_0
stab	9.223	22	network_stab_22
month	14.71	2	network_month_2
sharp	15.78	15	network_sharp_15
bore	9.46	19	network_bore_19
urinate	4.65	0	network_urinate_0
dance	10.44	2	network_dance_2
sea	1.32	15	network_sea_15
measure	12.54	19	network_measure_19
ant	3.817	0	network_ant_0
roof	7.51	38	network_roof_38
lion	3.72	0	network_lion_0
seed	8.311	9	network_seed_9
jump, leap	10.43	2	network_jump, leap_2
low	12.32	28	network_low_28
poison	4.89	6	network_poison_6
mason	7.61	0	network_mason_0
chief, chieftain	19.24	22	network_chief, chieftain_22
rye	8.45	0	network_rye_0
freeman	19.44	0	network_freeman_0
beget (of father)	4.71	8	network_beget (of father)_8
bottom	12.34	32	network_bottom_32
sell	11.82	37	network_sell_37
helmet	20.33	3	network_helmet_3
flower	8.57	0	network_flower_0
grease, fat	5.791	6	network_grease, fat_6
kneel	10.412	0	network_kneel_0
tent	7.14	7	network_tent_7
forge	9.61	0	network_forge_0
necklace	6.75	11	network_necklace_11
shoemaker, cobbler	6.54	0	network_shoemaker, cobbler_0
elephant	3.77	0	network_elephant_0
lead (noun)	9.68	0	network_lead (noun)_0
enough	13.18	14	network_enough_14
mouse, rat	3.63	0	network_mouse, rat_0
show	15.55	14	network_show_14
season	14.78	14	network_season_14
blanket	7.422	7	network_blanket_7
drive	10.65	36	network_drive_36
dough	5.53	16	network_dough_16
plate	5.32	11	network_plate_11
mirror	6.96	2	network_mirror_2
crop, harvest	8.41	7	network_crop, harvest_7
post, pole	7.56	22	network_post, pole_22
ocean	1.329	11	network_ocean_11
part, piece	13.23	8	network_part, piece_8
corner	12.76	0	network_corner_0
silk	6.25	0	network_silk_0
snake	3.85	0	network_snake_0
accuse	21.31	9	network_accuse_9
half	13.24	16	network_half_16
smell (vb trans)	15.22	21	network_smell (vb trans)_21
lightning	1.55	3	network_lightning_3
country	19.11	43	network_country_43
soft	15.75	11	network_soft_11
glove	6.58	0	network_glove_0
clock, timepiece	14.53	7	network_clock, timepiece_7
marry	2.33	41	network_marry_41
tobacco	8.68	0	network_tobacco_0
defecate	4.66	0	network_defecate_0
count	13.107	26	network_count_26
enemy	19.52	0	network_enemy_0
bald	4.93	0	network_bald_0
loom	6.34	0	network_loom_0
last	13.35	37	network_last_37
husband	2.31	39	network_husband_39
meet	19.65	23	network_meet_23
bamboo	8.94	0	network_bamboo_0
voice	18.11	21	network_voice_21
ladder	7.37	2	network_ladder_2
hide, conceal	12.27	6	network_hide, conceal_6
grandson	2.48	32	network_grandson_32
father's sister	2.522	31	network_father's sister_31
desire, want	16.62	6	network_desire, want_6
take	11.13	56	network_take_56
stove	7.32	7	network_stove_7
shield	20.34	0	network_shield_0
son-in-law (of a man)	2.63	45	network_son-in-law (of a man)_45
get, obtain	11.16	55	network_get, obtain_55
dinner	5.44	10	network_dinner_10
friend, companion	19.51	0	network_friend, companion_0
fishhook	20.52	4	network_fishhook_4
dish	5.31	11	network_dish_11
shoe	6.51	3	network_shoe_3
promise	18.36	2	network_promise_2
read	18.52	25	network_read_25
oven	5.25	10	network_oven_10
match (noun)	1.87	15	network_match (noun)_15
linen, flax	6.23	10	network_linen, flax_10
paper	18.56	11	network_paper_11
twenty	13.104	0	network_twenty_0
ring (for finger)	6.73	6	network_ring (for finger)_6
scorpion	3.815	0	network_scorpion_0
little (quantity), few	13.17	19	network_little (quantity), few_19
rake	8.27	4	network_rake_4
sieve, strain	5.47	23	network_sieve, strain_23
reach, arrive	10.55	11	network_reach, arrive_11
salty	15.36	8	network_salty_8
hook	12.75	4	network_hook_4
cliff, precipice	1.222	5	network_cliff, precipice_5
kick	10.431	11	network_kick_11
fault	16.76	12	network_fault_12
smile	16.251	2	network_smile_2
choose	16.622	40	network_choose_40
young woman (adolescent)	2.261	31	network_young woman (adolescent)_31
shame (noun)	16.45	0	network_shame (noun)_0
hay	8.52	9	network_hay_9
cockroach	3.816	0	network_cockroach_0
felt	6.27	0	network_felt_0
lend	11.61	33	network_lend_33
wheel	10.76	11	network_wheel_11
play	16.26	2	network_play_2
fifteen	13.103	0	network_fifteen_0
banana tree	8.84	0	network_banana tree_0
staff, walking stick	19.25	18	network_staff, walking stick_18
retard, delay	14.24	10	network_retard, delay_10
path	10.72	6	network_path_6
whale	3.663	0	network_whale_0
mind	17.11	18	network_mind_18
key	7.24	3	network_key_3
pestle	5.59	4	network_pestle_4
awl	6.37	0	network_awl_0
guilty	21.35	8	network_guilty_8
true	16.66	15	network_true_15
rough (of sea)	1.323	2	network_rough (of sea)_2
thin (in dimension)	12.65	11	network_thin (in dimension)_11
day	14.41	42	network_day_42
gums	4.271	0	network_gums_0
wife	2.32	29	network_wife_29
smith, blacksmith	9.6	0	network_smith, blacksmith_0
short	12.59	24	network_short_24
salt	5.81	7	network_salt_7
slide, slip	10.42	0	network_slide, slip_0
cast (metals)	9.63	8	network_cast (metals)_8
swallow	5.181	0	network_swallow_0
thumb	4.342	0	network_thumb_0
neighbor	19.54	0	network_neighbor_0
tongs	5.391	0	network_tongs_0
beehive	3.822	7	network_beehive_7
shore	1.27	28	network_shore_28
some	13.181	8	network_some_8
intestines, guts	4.461	6	network_intestines, guts_6
crow	3.593	0	network_crow_0
fish	3.65	12	network_fish_12
fir	8.65	2	network_fir_2
ripe	5.123	6	network_ripe_6
hold	11.15	48	network_hold_48
turtle	3.98	0	network_turtle_0
twelve	13.102	0	network_twelve_0
thresh	8.34	11	network_thresh_11
witness	21.23	0	network_witness_0
condemn	21.32	9	network_condemn_9
ax	9.25	3	network_ax_3
ask, request	18.35	24	network_ask, request_24
know	17.17	41	network_know_41
bend	9.14	20	network_bend_20
share (distribute)	11.91	8	network_share (distribute)_8
woods, forest	1.41	18	network_woods, forest_18
land (vb)	10.92	6	network_land (vb)_6
infant, baby	2.28	39	network_infant, baby_39
sometimes	14.33	0	network_sometimes_0
thirst	5.15	0	network_thirst_0
doubt	17.43	8	network_doubt_8
raise, lift	10.22	32	network_raise, lift_32
kettle	5.27	10	network_kettle_10
court	21.15	0	network_court_0
darkness	1.62	9	network_darkness_9
fear, fright	16.53	8	network_fear, fright_8
defendant	21.22	0	network_defendant_0
soul, spirit	16.11	14	network_soul, spirit_14
hoe	8.25	8	network_hoe_8
goat	3.36	12	network_goat_12
catch (ball)	10.252	46	network_catch (ball)_46
new	14.13	23	network_new_23
naked, bare	4.99	0	network_naked, bare_0
soup, broth	5.64	0	network_soup, broth_0
alone, only	13.33	7	network_alone, only_7
beside	12.2	13	network_beside_13
pin	6.63	3	network_pin_3
hot	15.85	3	network_hot_3
mast	10.87	15	network_mast_15
summer	14.76	5	network_summer_5
older brother	2.444	24	network_older brother_24
plaintiff	21.21	0	network_plaintiff_0
stinking, bad smelling	15.26	10	network_stinking, bad smelling_10
and	17.51	4	network_and_4
mushroom	8.98	0	network_mushroom_0
blunt, dull	15.79	0	network_blunt, dull_0
merchant	11.84	0	network_merchant_0
chili pepper	5.821	2	network_chili pepper_2
when?	17.65	5	network_when?_5
woman	2.22	30	network_woman_30
creep, crawl	10.41	0	network_creep, crawl_0
groan	16.39	6	network_groan_6
victory	20.41	2	network_victory_2
betray	17.441	17	network_betray_17
near (adv)	12.43	6	network_near (adv)_6
kiss	16.29	6	network_kiss_6
remain, stay	12.16	6	network_remain, stay_6
small, little	12.56	33	network_small, little_33
glass	9.74	2	network_glass_2
how many?	17.62	7	network_how many?_7
aunt	2.52	36	network_aunt_36
tree	8.6	37	network_tree_37
hammer	9.49	0	network_hammer_0
multitude, crowd	13.19	14	network_multitude, crowd_14
grandfather	2.46	23	network_grandfather_23
wide, broad	12.61	13	network_wide, broad_13
conceive	4.732	8	network_conceive_8
doorpost, jamb	7.221	15	network_doorpost, jamb_15
stepson	2.73	12	network_stepson_12
name	18.28	5	network_name_5
cousin	2.55	43	network_cousin_43
oats	8.46	0	network_oats_0
hang up	9.341	14	network_hang up_14
pull	9.33	15	network_pull_15
pound with fist	9.211	16	network_pound with fist_16
oath	21.25	0	network_oath_0
wise	17.21	2	network_wise_2
remains, left overs	12.17	0	network_remains, left overs_0
carry-on-shoulder	10.613	25	network_carry-on-shoulder_25
claw	4.345	8	network_claw_8
pot, cooking vessel	5.26	11	network_pot, cooking vessel_11
opossum	3.622	0	network_opossum_0
skull	4.202	20	network_skull_20
tree stump	8.72	17	network_tree stump_17
stallion	3.42	45	network_stallion_45
penis	4.492	11	network_penis_11
blink	4.215	0	network_blink_0
collect, gather	12.21	29	network_collect, gather_29
breakfast	5.42	7	network_breakfast_7
lunch	5.43	10	network_lunch_10
grief, sorrow, sadness	16.32	9	network_grief, sorrow, sadness_9
shoot	20.62	12	network_shoot_12
chain	9.18	7	network_chain_7
hunger	5.14	2	network_hunger_2
blind	4.97	0	network_blind_0
sound, noise	15.44	17	network_sound, noise_17
foolish, stupid	17.22	2	network_foolish, stupid_2
mare	3.44	27	network_mare_27
move	10.11	12	network_move_12
maize, corn	8.47	0	network_maize, corn_0
chair	7.43	0	network_chair_0
lung	4.441	4	network_lung_4
sow	3.34	32	network_sow_32
penalty, punishment	21.37	2	network_penalty, punishment_2
tide	1.352	2	network_tide_2
grass-skirt	6.461	7	network_grass-skirt_7
we (inclusive)	2.941	3	network_we (inclusive)_3
steal	21.51	2	network_steal_2
long	12.57	18	network_long_18
paint (vb)	9.89	5	network_paint (vb)_5
gourd	8.93	11	network_gourd_11
smoke (tobacco)	8.69	16	network_smoke (tobacco)_16
eyelash	4.214	3	network_eyelash_3
beard	4.142	4	network_beard_4
call (=summon)	18.41	15	network_call (=summon)_15
autumn	14.77	0	network_autumn_0
ridgepole	7.53	10	network_ridgepole_10
after	12.1	20	network_after_20
blow	10.38	3	network_blow_3
bone	4.16	11	network_bone_11
sibling	2.456	28	network_sibling_28
hope	16.63	5	network_hope_5
come	10.48	23	network_come_23
see	15.51	49	network_see_49
circle	12.82	7	network_circle_7
master	19.41	9	network_master_9
innocent	21.36	0	network_innocent_0
farmer	8.11	0	network_farmer_0
rudder	10.86	0	network_rudder_0
sling	20.23	0	network_sling_0
attack	20.43	0	network_attack_0
give	11.21	39	network_give_39
gun, cannon	20.28	2	network_gun, cannon_2
mule	3.47	0	network_mule_0
flute	18.71	4	network_flute_4
pain	16.31	8	network_pain_8
boast	18.45	2	network_boast_2
touch	15.71	16	network_touch_16
fan (vb)	9.791	3	network_fan (vb)_3
eagle	3.584	3	network_eagle_3
booty, spoils	20.48	0	network_booty, spoils_0
eleven	13.101	0	network_eleven_0
grow	12.53	0	network_grow_0
pair	13.37	3	network_pair_3
descendants	2.57	23	network_descendants_23
coat	6.43	14	network_coat_14
full	13.21	0	network_full_0
freshwater eel	3.665	0	network_freshwater eel_0
perjury	21.47	5	network_perjury_5
world	1.1	45	network_world_45
paint (noun)	9.88	5	network_paint (noun)_5
shoulderblade	4.301	17	network_shoulderblade_17
pepper	5.82	2	network_pepper_2
neck	4.28	12	network_neck_12
think (= be of the opinion)	17.14	30	network_think (= be of the opinion)_30
blister	4.855	0	network_blister_0
grave, tomb	4.79	0	network_grave, tomb_0
who?	17.68	6	network_who?_6
go out	10.474	19	network_go out_19
clear, plain	17.34	24	network_clear, plain_24
weave	6.33	15	network_weave_15
wake up	4.63	12	network_wake up_12
bad	16.72	10	network_bad_10
tongue	4.26	11	network_tongue_11
fight (vb)	20.11	24	network_fight (vb)_24
defeat	20.42	2	network_defeat_2
pipe	8.691	0	network_pipe_0
swamp	1.38	9	network_swamp_9
hen	3.54	6	network_hen_6
orphan	2.75	3	network_orphan_3
spider	3.818	0	network_spider_0
sing	18.12	11	network_sing_11
you (plural)	2.95	2	network_you (plural)_2
fingernail	4.344	5	network_fingernail_5
night	14.42	10	network_night_10
ram	3.26	36	network_ram_36
dog	3.61	0	network_dog_0
embers	1.841	2	network_embers_2
seven	13.7	0	network_seven_0
why?	17.69	6	network_why?_6
intention, purpose	17.41	12	network_intention, purpose_12
tailor	6.13	0	network_tailor_0
son	2.41	51	network_son_51
latch, door-bolt	7.231	3	network_latch, door-bolt_3
dawn	14.43	26	network_dawn_26
bake	5.24	14	network_bake_14
cook	5.21	13	network_cook_13
color	15.61	5	network_color_5
adultery	21.43	0	network_adultery_0
nail	9.5	3	network_nail_3
raw	5.122	18	network_raw_18
palm of hand	4.331	9	network_palm of hand_9
nipple, teat	4.412	5	network_nipple, teat_5
break wind	4.64	0	network_break wind_0
noble, nobleman	19.36	0	network_noble, nobleman_0
sure, certain	17.37	13	network_sure, certain_13
day-after-tomorrow	14.481	2	network_day-after-tomorrow_2
end	12.35	42	network_end_42
winter	14.74	0	network_winter_0
lame	4.94	2	network_lame_2
lamb	3.29	31	network_lamb_31
ancestors	2.56	0	network_ancestors_0
plant (noun)	8.53	33	network_plant (noun)_33
bird	3.581	15	network_bird_15
pan	5.28	11	network_pan_11
young man (adolescent)	2.251	38	network_young man (adolescent)_38
younger sister	2.455	24	network_younger sister_24
rainbow	1.59	0	network_rainbow_0
boundary	19.17	25	network_boundary_25
shut, close	12.25	11	network_shut, close_11
sand	1.215	30	network_sand_30
split	9.27	16	network_split_16
good	16.71	20	network_good_20
turn around	10.13	25	network_turn around_25
write	18.51	5	network_write_5
mud	1.214	14	network_mud_14
sick, sickness	4.84	7	network_sick, sickness_7
stingray	3.664	0	network_stingray_0
bee	3.82	7	network_bee_7
dandruff	4.146	0	network_dandruff_0
food	5.12	12	network_food_12
he-goat	3.37	27	network_he-goat_27
yesterday	14.49	5	network_yesterday_5
tear	9.28	13	network_tear_13
swim	10.35	9	network_swim_9
daughter	2.42	46	network_daughter_46
splash	10.352	0	network_splash_0
strife, quarrel	19.62	19	network_strife, quarrel_19
dribble	4.591	9	network_dribble_9
egg yolk	5.971	7	network_egg yolk_7
pillow	7.421	0	network_pillow_0
foot	4.37	11	network_foot_11
judge (noun)	21.18	0	network_judge (noun)_0
nape of neck	4.281	6	network_nape of neck_6
turn over	10.12	22	network_turn over_22
spread out	9.34	5	network_spread out_5
they	2.96	2	network_they_2
banyan	8.85	0	network_banyan_0
push, shove	10.67	19	network_push, shove_19
cookhouse	7.17	5	network_cookhouse_5
mortar	5.58	8	network_mortar_8
chisel	9.84	0	network_chisel_0
hate	16.41	0	network_hate_0
hinder, prevent	19.59	9	network_hinder, prevent_9
leather	6.29	19	network_leather_19
Tuesday	14.64	0	network_Tuesday_0
family	2.82	10	network_family_10
storm	1.58	6	network_storm_6
crush, grind	5.56	22	network_crush, grind_22
pregnant	4.73	11	network_pregnant_11
boat	10.83	5	network_boat_5
hire	11.77	19	network_hire_19
belt, girdle	6.57	0	network_belt, girdle_0
round	12.81	5	network_round_5
outside	12.6	0	network_outside_0
grass	8.51	22	network_grass_22
table	7.44	10	network_table_10
moon	1.53	2	network_moon_2
arrow	20.25	6	network_arrow_6
drink	5.13	16	network_drink_16
pursue	10.53	24	network_pursue_24
meeting house	7.18	0	network_meeting house_0
three times	13.44	0	network_three times_0
yellow	15.69	8	network_yellow_8
forbid	18.38	9	network_forbid_9
mill	5.57	15	network_mill_15
how much?	17.63	10	network_how much?_10
dry	15.84	0	network_dry_0
refuse	18.37	7	network_refuse_7
cheese	5.88	0	network_cheese_0
mother	2.36	22	network_mother_22
widower	2.77	2	network_widower_2
wave	1.35	2	network_wave_2
follow	10.52	24	network_follow_24
chicken	3.55	6	network_chicken_6
carriage, wagon, cart	10.75	0	network_carriage, wagon, cart_0
sky	1.51	30	network_sky_30
two	13.2	3	network_two_3
frog	3.95	0	network_frog_0
rule, govern	19.31	17	network_rule, govern_17
rain (noun)	1.75	6	network_rain (noun)_6
divorce	2.341	17	network_divorce_17
broom	9.38	4	network_broom_4
wing	4.392	22	network_wing_22
eye	4.21	5	network_eye_5
needle	6.36	3	network_needle_3
sheep	3.25	28	network_sheep_28
wolf	3.71	0	network_wolf_0
rough	15.76	0	network_rough_0
brain	4.203	12	network_brain_12
hip	4.463	18	network_hip_18
how?	17.61	6	network_how?_6
try, attempt	17.48	15	network_try, attempt_15
sugar cane	8.941	2	network_sugar cane_2
mistake, error	16.77	10	network_mistake, error_10
rice	8.48	0	network_rice_0
insane, crazy	17.23	2	network_insane, crazy_2
fig	5.75	0	network_fig_0
rich	11.51	0	network_rich_0
secret	17.36	0	network_secret_0
clay	9.73	27	network_clay_27
sweep	9.37	5	network_sweep_5
tear (noun)	16.38	0	network_tear (noun)_0
what?	17.64	6	network_what?_6
fish poison (root)	8.96	4	network_fish poison (root)_4
well, health	4.83	18	network_well, health_18
lake	1.33	14	network_lake_14
narrow	12.62	21	network_narrow_21
account, reckoning	11.66	31	network_account, reckoning_31
late	14.17	11	network_late_11
custom	19.61	5	network_custom_5
milk (noun)	5.86	5	network_milk (noun)_5
sneeze	4.54	0	network_sneeze_0
throw	10.25	9	network_throw_9
swift, fast, quick	14.21	10	network_swift, fast, quick_10
prostitute	19.72	0	network_prostitute_0
law	21.11	4	network_law_4
wrist	4.321	9	network_wrist_9
fly	3.83	0	network_fly_0
statue	9.83	0	network_statue_0
clean	15.87	16	network_clean_16
waterfall	1.39	0	network_waterfall_0
cover	12.26	6	network_cover_6
enter	10.57	0	network_enter_0
mountain, hill	1.22	28	network_mountain, hill_28
foal, colt	3.45	44	network_foal, colt_44
tin, tinplate	9.69	3	network_tin, tinplate_3
early	14.16	12	network_early_12
waist	4.462	18	network_waist_18
third	13.42	0	network_third_0
body	4.11	33	network_body_33
sculptor	9.82	0	network_sculptor_0
middle, center	12.37	14	network_middle, center_14
egg	5.97	8	network_egg_8
long-time (for a)	14.332	9	network_long-time (for a)_9
wind	1.72	6	network_wind_6
wine	5.92	5	network_wine_5
sweet potato	8.91	3	network_sweet potato_3
stepdaughter	2.74	28	network_stepdaughter_28
boil (noun)	4.856	9	network_boil (noun)_9
scissors, shears	9.24	0	network_scissors, shears_0
cooked	5.121	8	network_cooked_8
anger	16.42	14	network_anger_14
